.model,RMSE,MAE,MAPE
arima,12424806.815655421,7438092.020436976,115.58727468209202
